file	type	title	date
Rajasthani Woman With Veena.jpeg	painting	Rajasthani Woman With Veena	
Abstract Dancer On Black Canvas.jpeg	painting	Abstract Dancer On Black Canvas	
Woman In Red Saree With Handbag.jpeg	painting	Woman In Red Saree With Handbag	
Girl On Swing Sunset Silhouette.jpeg	painting	Girl On Swing Sunset Silhouette	
Ganesha Temple Idol Painting.jpeg	painting	Ganesha Temple Idol Painting	
Avengers Superheroes Painting.jpeg	painting	Avengers Superheroes Painting	
Village Home Doorway Line Drawing.jpeg	drawing	Village Home Doorway Line Drawing	
Flamenco Dancer Stained Glass Style.jpeg	painting	Flamenco Dancer Stained Glass Style	
Village Life Sunset Scene.jpeg	drawing	Village Life Sunset Scene	
Girl On Swing Sunset Oval Canvas.jpeg	painting	Girl On Swing Sunset Oval Canvas	
Karva Chauth Rangoli.jpeg	craft	Karva Chauth Rangoli	
Peacock Zentangle Doodle.jpeg	drawing	Peacock Zentangle Doodle	
Saraswati On Lotus Mosaic.jpeg	painting	Saraswati On Lotus Mosaic	
Radha Krishna And Ram Sita Folk Art.jpeg	painting	Radha Krishna And Ram Sita Folk Art	
Woman Artist At Easel.jpeg	painting	Woman Artist At Easel	
Butterflies And Flowers Collage.jpeg	painting	Butterflies And Flowers Collage	
Ganesha And Deities Artwork Collage.jpeg	other	Ganesha And Deities Artwork Collage	
Family Gathering Line Drawing.jpeg	drawing	Family Gathering Line Drawing	
Birds And Blossoms Heart Canvas.jpeg	painting	Birds And Blossoms Heart Canvas	
Purple Forest Waterfall.jpeg	painting	Purple Forest Waterfall	
Deities Paintings Floral Collage.jpeg	other	Deities Paintings Floral Collage	
Radha Krishna And Ram Sita Folk Art 2.jpeg	painting	Radha Krishna And Ram Sita Folk Art	
Faces Lips And Hearts Doodle Page.jpeg	drawing	Faces Lips And Hearts Doodle Page	
Happy Diwali Peacock And Lanterns.jpeg	drawing	Happy Diwali Peacock And Lanterns	
Mandala Around Blue Eye.jpeg	drawing	Mandala Around Blue Eye	
Family Gathering Line Drawing 2.jpeg	drawing	Family Gathering Line Drawing	
Woman In Red Saree With Handbag 2.jpeg	painting	Woman In Red Saree With Handbag	
Kathakali Face Painting.jpeg	painting	Kathakali Face Painting	
Waterfall Textured Painting.jpeg	painting	Waterfall Textured Painting	
Seven Running White Horses.jpeg	painting	Seven Running White Horses	
Ganesha Temple Idol Painting 2.jpeg	painting	Ganesha Temple Idol Painting	
Abstract Leaves And Suns Four Panels.jpeg	painting	Abstract Leaves And Suns Four Panels	
Purple Lotus Vines On Green.jpeg	painting	Purple Lotus Vines On Green	
Tree Silhouette Rainbow Rays.jpeg	painting	Tree Silhouette Rainbow Rays	
Village Couple By The River.jpeg	painting	Village Couple By The River	
Red Rose Stained Glass Style.jpeg	painting	Red Rose Stained Glass Style	
Friendship Quote Faces Drawing.jpeg	drawing	Friendship Quote Faces Drawing	
Abstract Palette Knife Colors.jpeg	painting	Abstract Palette Knife Colors	
Couple Heartbreak Drawing.jpeg	drawing	Couple Heartbreak Drawing	
Floral Tree Line Art.jpeg	drawing	Floral Tree Line Art	
Unicorn Silhouette Against Moon.jpeg	painting	Unicorn Silhouette Against Moon	
Geometric Spiral Line Art.jpeg	drawing	Geometric Spiral Line Art	
Radha Krishna Art Exhibition Entry.jpg	screenshot	Radha Krishna Art Exhibition Entry	
Nandi And Shiva Trishul Canvases.jpg	painting	Nandi And Shiva Trishul Canvases	
Mother And Daughter Tree Dance.jpg	painting	Mother And Daughter Tree Dance	
Red Flowers In Vase.jpeg	painting	Red Flowers In Vase	
Radha Seeing Krishna Reflection.jpg	painting	Radha Seeing Krishna Reflection	
Kathakali Face Shubh Labh.jpg	painting	Kathakali Face Shubh Labh	
Mountain Lake Landscape In Circle.jpeg	painting	Mountain Lake Landscape In Circle	
Fish Relief Texture Art.gif	drawing	Fish Relief Texture Art	2020-10-04
Dandiya And Rangoli Artwork Collage.jpg	other	Dandiya And Rangoli Artwork Collage	2024-10-03
Abstract Artworks Collage.jpg	other	Abstract Artworks Collage	2026-02-05
Flowers And Rose Artworks Collage.jpg	other	Flowers And Rose Artworks Collage	2026-02-06
Folk Art Mother And Child Pair.jpg	painting	Folk Art Mother And Child Pair	2026-03-18
School Teachers Painting Progress.jpg	other	School Teachers Painting Progress	2026-09-15
Madhubani Fish And Lotus.jpeg	painting	Madhubani Fish And Lotus	
School Teachers Group Painting.jpg	painting	School Teachers Group Painting	
Wedding Garland Ceremony Painting.jpg	painting	Wedding Garland Ceremony Painting	
Panchamukhi Hanuman Painting.jpg	painting	Panchamukhi Hanuman Painting	
Three Childhoods Family Painting.jpg	painting	Three Childhoods Family Painting	
Panchamukhi Hanuman Framed.jpg	painting	Panchamukhi Hanuman Framed	
Dancing Woman Against Brick Wall.jpeg	painting	Dancing Woman Against Brick Wall	
Woman On Tree Swing With Parrot.jpeg	painting	Woman On Tree Swing With Parrot	
Shankh And Lotus Rangoli.jpg	craft	Shankh And Lotus Rangoli	
Abstract Cubist Faces.jpg	painting	Abstract Cubist Faces	
Framed Hanuman And Kathakali On Wall.jpg	photo	Framed Hanuman And Kathakali On Wall	
Paisley Peacock Folk Design.jpeg	painting	Paisley Peacock Folk Design	
Blue Krishna Face With Flute.jpeg	painting	Blue Krishna Face With Flute	
Panchamukhi Hanuman Framed 2.jpg	painting	Panchamukhi Hanuman Framed	
Panchamukhi Hanuman Framed 3.jpg	painting	Panchamukhi Hanuman Framed	
School Teachers Group Painting 2.jpg	painting	School Teachers Group Painting	
Tree Of Life Lotus Oval Canvas.jpg	painting	Tree Of Life Lotus Oval Canvas	
Dancers And Kathakali Artworks Collage.jpg	other	Dancers And Kathakali Artworks Collage	
Friends Therapy Quote Painting.jpeg	painting	Friends Therapy Quote Painting	
Bull Elephant Optical Illusion.jpg	drawing	Bull Elephant Optical Illusion	
Bamboo And Flowers In Circle.jpeg	painting	Bamboo And Flowers In Circle	
Fairy And Landscape Sketchbook Page.jpg	drawing	Fairy And Landscape Sketchbook Page	
Continuous Line Faces Sketchbook Page.jpg	drawing	Continuous Line Faces Sketchbook Page	
Faces Lips And Eyes Sketchbook Page.jpg	drawing	Faces Lips And Eyes Sketchbook Page	
Moon Girl And Ballerina Sketchbook Page.jpg	drawing	Moon Girl And Ballerina Sketchbook Page	
Shiva Om And Love Sketchbook Page.jpg	drawing	Shiva Om And Love Sketchbook Page	
Girl And Lovebirds Sketchbook Page.jpg	drawing	Girl And Lovebirds Sketchbook Page	
Bride And Butterfly Sketchbook Page.jpg	drawing	Bride And Butterfly Sketchbook Page	
Couple And Light Bulb Sketchbook Page.jpg	drawing	Couple And Light Bulb Sketchbook Page	
Music Notes Doodle Sketchbook Page.jpg	drawing	Music Notes Doodle Sketchbook Page	
Heartbreak Doodles Sketchbook Page.jpg	drawing	Heartbreak Doodles Sketchbook Page	
Lips Hearts And Swans Sketchbook Page.jpg	drawing	Lips Hearts And Swans Sketchbook Page	
Couple Hugging Sketch.jpg	drawing	Couple Hugging Sketch	
Line Art Figures Sketchbook Page.jpg	drawing	Line Art Figures Sketchbook Page	
Line Art Couples Sketchbook Page.jpg	drawing	Line Art Couples Sketchbook Page	
Warli Art Panels.jpg	painting	Warli Art Panels	
Green Hills Landscape.jpeg	painting	Green Hills Landscape	
Ganesha With Devotees Crowd.jpg	painting	Ganesha With Devotees Crowd	
Abstract Circles Red And Blue.jpeg	painting	Abstract Circles Red And Blue	
Shankh And Lotus Rangoli 2.jpg	craft	Shankh And Lotus Rangoli	
Sai Baba Painting.jpg	painting	Sai Baba Painting	
Independence Day India Rangoli.jpg	craft	Independence Day India Rangoli	
Panchamukhi Hanuman Framed 4.jpg	painting	Panchamukhi Hanuman Framed	
Dancers And Kathakali Artworks Collage 2.jpg	other	Dancers And Kathakali Artworks Collage	
Birds On Branch Watercolor.jpeg	painting	Birds On Branch Watercolor	
Flower Petal Rangoli Face.jpg	craft	Flower Petal Rangoli Face	
Diwali Diya Rangoli.jpg	craft	Diwali Diya Rangoli	
Dancing Ganesha.jpg	drawing	Dancing Ganesha	
Ganesha Triptych.jpg	painting	Ganesha Triptych	
Ganesha Rangoli On Black.jpg	craft	Ganesha Rangoli On Black	
Ganpati Bappa Line Art.jpg	drawing	Ganpati Bappa Line Art	
Ganesha Mandala.jpg	drawing	Ganesha Mandala	
Bride And Groom Under Floral Arch.jpg	painting	Bride And Groom Under Floral Arch	
Dancing Woman Rangoli.jpg	craft	Dancing Woman Rangoli	
Happy Onam Flower Rangoli.jpg	craft	Happy Onam Flower Rangoli	
Happy Dussehra Golu Doodle.jpg	drawing	Happy Dussehra Golu Doodle	
Happy Dussehra Rangoli.jpg	craft	Happy Dussehra Rangoli	
Durga Face Rangoli.jpg	craft	Durga Face Rangoli	
Geometric Triangles Pattern.jpg	drawing	Geometric Triangles Pattern	
Swastik And Shubh Labh Rangoli.jpg	craft	Swastik And Shubh Labh Rangoli	
Hanuman Jayanti Rangoli Post.jpg	screenshot	Hanuman Jayanti Rangoli Post	
Onam Pookalam Collage.jpg	other	Onam Pookalam Collage	
Indian Independence Tribute.jpg	painting	Indian Independence Tribute	
Three Childhoods Family Painting 2.jpg	painting	Three Childhoods Family Painting	
Ram And Sita Pencil Sketch.jpg	drawing	Ram And Sita Pencil Sketch	
Ganesha On Blue Tile.pdf	painting	Ganesha On Blue Tile	
Women Gathering Folk Painting.jpg	painting	Women Gathering Folk Painting	
Optical Illusion Face Sketch.jpg	drawing	Optical Illusion Face Sketch	
Mountains Under Moon Pen Art.jpg	drawing	Mountains Under Moon Pen Art	
Knot Pattern Rangoli.jpg	craft	Knot Pattern Rangoli	
Cartoon Mouse And Doodles.jpg	painting	Cartoon Mouse And Doodles	
Pink Flower Rangoli.jpg	craft	Pink Flower Rangoli	
Mandala Around Blue Eye.jpg	drawing	Mandala Around Blue Eye	
Warli Village Scene Framed.jpg	painting	Warli Village Scene Framed	
Pink Hibiscus Rangoli.jpg	craft	Pink Hibiscus Rangoli	
Faces Lips And Hearts Doodle Page.jpg	drawing	Faces Lips And Hearts Doodle Page	
Shiva Grief Quote Painting.jpg	painting	Shiva Grief Quote Painting	
Waterfall Textured Painting.jpg	painting	Waterfall Textured Painting	
Navratri Golu Celebration.jpg	painting	Navratri Golu Celebration	
Village Women Carrying Pots Drawing.jpg	drawing	Village Women Carrying Pots Drawing	
Half Face Lotus Rangoli.jpg	craft	Half Face Lotus Rangoli	
Shree Rangoli With Flowers.jpg	craft	Shree Rangoli With Flowers	
Kathakali Face Painting.jpg	painting	Kathakali Face Painting	
Red Rose Stained Glass Style.jpg	painting	Red Rose Stained Glass Style	
Red Lotus Vines On Yellow.jpg	painting	Red Lotus Vines On Yellow	
Unicorn Silhouette Against Moon.jpg	painting	Unicorn Silhouette Against Moon	
Panchamukhi Hanuman With Mantra.jpg	painting	Panchamukhi Hanuman With Mantra	
Abstract Palette Knife Colors.jpg	painting	Abstract Palette Knife Colors	
Lord Venkateswara Painting.jpg	painting	Lord Venkateswara Painting	
Abstract Radha Krishna.jpg	painting	Abstract Radha Krishna	
Om Rangoli With Roses.jpg	craft	Om Rangoli With Roses	
Ardhanarishvara Painting.jpg	painting	Ardhanarishvara Painting	
Hummingbird Stained Glass Style.jpg	painting	Hummingbird Stained Glass Style	
Kalash Kolam Rangoli.jpg	craft	Kalash Kolam Rangoli	
Purple Lotus Vines On Green.jpg	painting	Purple Lotus Vines On Green	
Abstract Leaves And Suns Four Panels.jpg	painting	Abstract Leaves And Suns Four Panels	
Radha Krishna With Flute.jpg	painting	Radha Krishna With Flute	
Girl On Swing Oval Canvas In Progress.jpg	painting	Girl On Swing Oval Canvas In Progress	
Pink Star Rangoli.jpg	craft	Pink Star Rangoli	
Tirupati Balaji And Deities Embossed.jpg	painting	Tirupati Balaji And Deities Embossed	
Village Couple By The River.jpg	painting	Village Couple By The River	
Tree Silhouette Rainbow Rays.jpg	painting	Tree Silhouette Rainbow Rays	
Lakshmi On Lotus.jpg	painting	Lakshmi On Lotus	
Christmas Night Santa Sleigh.jpg	painting	Christmas Night Santa Sleigh	
Ganesha Star Rangoli.jpg	craft	Ganesha Star Rangoli	
Tirupati Balaji Bead Embellished.jpg	painting	Tirupati Balaji Bead Embellished	
Jagannath Puppets Folk Art.jpg	painting	Jagannath Puppets Folk Art	
Abstract Radha Krishna On Canvas.jpg	painting	Abstract Radha Krishna On Canvas	
Mini Radha Krishna Canvas On Easel.jpg	painting	Mini Radha Krishna Canvas On Easel	
Red Rose Stained Glass Square.jpg	painting	Red Rose Stained Glass Square	
Dandiya And Rangoli Artwork Collage 2.jpg	other	Dandiya And Rangoli Artwork Collage	
Bull Elephant Optical Illusion 2.jpg	drawing	Bull Elephant Optical Illusion	
Welcome Couple Door Plaque.jpg	craft	Welcome Couple Door Plaque	
Kathakali Face Painting 2.jpg	painting	Kathakali Face Painting	
Floral And Geometric Rangoli.png	craft	Floral And Geometric Rangoli	
Dancers And Kathakali Collage Screenshot.png	screenshot	Dancers And Kathakali Collage Screenshot	
Graduation Family Portrait.heic	painting	Graduation Family Portrait	
Graduation Family Portrait 2.heic	painting	Graduation Family Portrait	
Bull Elephant Optical Illusion 3.jpg	drawing	Bull Elephant Optical Illusion	
Patterned Sphere Pen Art.heic	drawing	Patterned Sphere Pen Art	
Abstract Radha Krishna With Vines.png	painting	Abstract Radha Krishna With Vines	
Kathakali Face Shubh Labh.heic	painting	Kathakali Face Shubh Labh	
Farewell Memories Portrait Painting.heic	painting	Farewell Memories Portrait Painting	
Panchamukhi Hanuman Painting.heic	painting	Panchamukhi Hanuman Painting	
Lord Venkateswara Painting.png	painting	Lord Venkateswara Painting	
Waterfall And Cherry Blossoms.heic	painting	Waterfall And Cherry Blossoms	
Art Exhibition Announcement Post.png	screenshot	Art Exhibition Announcement Post	
Womens Day Face Rangoli.jpg	craft	Womens Day Face Rangoli	2021-03-07
Womens Day Butterfly Rangoli.jpg	craft	Womens Day Butterfly Rangoli	2021-03-07
Womens Day Heart Rangoli.jpg	craft	Womens Day Heart Rangoli	2021-03-07
Peacock And Om Rangoli.jpg	craft	Peacock And Om Rangoli	2021-03-11
Peacock Feather Rangoli.jpg	craft	Peacock Feather Rangoli	2021-04-13
Geometric Swirl Rangoli.jpg	craft	Geometric Swirl Rangoli	2021-04-13
Mother Child Mandala Sketch Page.jpg	drawing	Mother Child Mandala Sketch Page	2021-06-21
Ganesha And Swan Mandala Sketches.jpg	drawing	Ganesha And Swan Mandala Sketches	2021-06-21
Assorted Figure Sketches Page.jpg	drawing	Assorted Figure Sketches Page	2021-06-21
Couples And Vishnu Sketch Page.jpg	drawing	Couples And Vishnu Sketch Page	2021-06-21
Mother Child Mandala Sketch Page 2.jpg	drawing	Mother Child Mandala Sketch Page	2021-06-21
Ganesha And Swan Mandala Sketches 2.jpg	drawing	Ganesha And Swan Mandala Sketches	2021-06-21
Woman In Saree Sketch Page.jpg	drawing	Woman In Saree Sketch Page	2021-06-23
Assorted Figure Sketches Page 2.jpg	drawing	Assorted Figure Sketches Page	2021-06-23
Couples And Vishnu Sketch Page 2.jpg	drawing	Couples And Vishnu Sketch Page	2021-06-23
Dove And Peacock Sketch Page.jpg	drawing	Dove And Peacock Sketch Page	2021-07-15
Swan And Peacock Sketch Page.jpg	drawing	Swan And Peacock Sketch Page	2021-07-15
Girl And Swan Sketch Page.jpg	drawing	Girl And Swan Sketch Page	2021-07-15
Hearts And Faces Sketch Page.jpg	drawing	Hearts And Faces Sketch Page	2021-07-15
Wedding Couple Sketch Page.jpg	drawing	Wedding Couple Sketch Page	2021-07-15
Minimal Figure Sketch Page.jpg	drawing	Minimal Figure Sketch Page	2021-07-15
Love Heart Doodle Page.jpg	drawing	Love Heart Doodle Page	2021-07-15
Girls Painting And Photography Drawing.jpg	drawing	Girls Painting And Photography Drawing	2021-07-16
Krishna Playing Flute.jpg	drawing	Krishna Playing Flute	2021-07-16
Woman In Gown Drawing.jpg	drawing	Woman In Gown Drawing	2021-07-22
Goddess Face Drawing.jpg	drawing	Goddess Face Drawing	2021-07-23
Guitar With Music Notes.jpg	drawing	Guitar With Music Notes	2021-07-25
Woman And Child Drawing.jpg	drawing	Woman And Child Drawing	2021-07-25
Dancer And Moon Couple Drawing.jpg	drawing	Dancer And Moon Couple Drawing	2021-07-25
Panda Bear Drawings.jpg	drawing	Panda Bear Drawings	2021-07-25
Woman In Hat Drawing.jpg	drawing	Woman In Hat Drawing	2021-07-25
Butterfly Mandala Flower.jpg	drawing	Butterfly Mandala Flower	2021-07-25
Love Doodles Drawing Page.jpg	drawing	Love Doodles Drawing Page	2021-07-25
Butterflies And Henna Hands Drawing.jpg	drawing	Butterflies And Henna Hands Drawing	2021-07-25
Ganesha Symbols Drawing Page.jpg	drawing	Ganesha Symbols Drawing Page	2021-07-27
Ganesha Symbols Drawing Page 2.jpg	drawing	Ganesha Symbols Drawing Page	2021-07-27
Broken Heart Doodles Page.jpg	drawing	Broken Heart Doodles Page	2021-07-29
Man In Robe Pencil Sketch.jpg	drawing	Man In Robe Pencil Sketch	2021-07-29
Colorful Fish And Birds Mandala.jpg	drawing	Colorful Fish And Birds Mandala	2021-08-07
Woman On Garden Swing Drawing.jpg	drawing	Woman On Garden Swing Drawing	2021-08-12
Ganesha Spiral Zentangle.jpg	drawing	Ganesha Spiral Zentangle	2021-09-03
Sad Broken Heart Doodle.jpg	drawing	Sad Broken Heart Doodle	2021-09-04
Wedding Couple Under Mandap.jpg	drawing	Wedding Couple Under Mandap	2021-09-06
Bird And Flowers Circle Art.jpg	drawing	Bird And Flowers Circle Art	2021-09-06
Shubh Labh Om Torana.jpg	craft	Shubh Labh Om Torana	2021-09-11
Ganesha Modak Face Art.jpg	drawing	Ganesha Modak Face Art	2021-09-11
Toucan With Flowers.jpg	drawing	Toucan With Flowers	2021-09-18
Butterfly On Flower Vine.jpg	drawing	Butterfly On Flower Vine	2021-09-18
Ganesha Silhouette Triptych.jpg	drawing	Ganesha Silhouette Triptych	2021-09-19
Ganesha Doodle Grid.jpg	drawing	Ganesha Doodle Grid	2021-09-23
Faces And Hearts Doodle Page.jpg	drawing	Faces And Hearts Doodle Page	2021-09-23
Woman In Confetti Dress.jpg	drawing	Woman In Confetti Dress	2021-09-30
Dancer In Blue Dress Painting.jpg	painting	Dancer In Blue Dress Painting	2021-10-06
Bird On Swing Under Moon.jpg	painting	Bird On Swing Under Moon	2021-10-06
Ballerinas On Brick Wall.jpg	painting	Ballerinas On Brick Wall	2021-10-07
Friendship Heart Drawing.jpg	drawing	Friendship Heart Drawing	2021-10-08
Peacock Feather Rangoli Plate.jpg	craft	Peacock Feather Rangoli Plate	2021-10-10
Fleur De Lis Watercolor Design.jpg	painting	Fleur De Lis Watercolor Design	2021-10-16
Girl In Sun Hat Painting.jpg	painting	Girl In Sun Hat Painting	2021-10-17
Rainbow Star Mandala.jpg	drawing	Rainbow Star Mandala	2021-10-19
Woman Dancing At Sunset.jpg	drawing	Woman Dancing At Sunset	2021-10-20
Shri Ganesha Painting.jpg	painting	Shri Ganesha Painting	2021-10-23
Lovebirds On Branch.jpg	painting	Lovebirds On Branch	2021-10-24
Woman In Green Outfit Drawing.jpg	drawing	Woman In Green Outfit Drawing	2021-10-27
Peacock With Diya Mandala.jpg	painting	Peacock With Diya Mandala	2021-10-28
Diwali Peacocks And Ganesha.jpg	drawing	Diwali Peacocks And Ganesha	2021-11-02
Girl And Beach Silhouette Sketch.jpg	drawing	Girl And Beach Silhouette Sketch	2021-11-03
Happy Diwali Swan Rangoli.jpg	craft	Happy Diwali Swan Rangoli	2021-11-03
Girls And Diya Sketch Page.jpg	drawing	Girls And Diya Sketch Page	2021-11-04
Starry Beach Drawing.jpg	drawing	Starry Beach Drawing	2021-11-10
Radha Krishna Silhouette Painting.jpg	painting	Radha Krishna Silhouette Painting	2021-11-27
Ganesha Face With Trishul.jpg	drawing	Ganesha Face With Trishul	2021-12-09
Family Watching Sunset Painting.jpg	painting	Family Watching Sunset Painting	2021-12-13
Golden Ganesha Painting.jpg	painting	Golden Ganesha Painting	2021-12-15
Person Releasing Birds Painting.jpg	painting	Person Releasing Birds Painting	2021-12-19
Ganesha Triptych Painting.jpg	painting	Ganesha Triptych Painting	2021-12-22
Cockatiels On Branch Painting.jpg	painting	Cockatiels On Branch Painting	2021-12-24
Macaw Parrot Painting.jpg	painting	Macaw Parrot Painting	2021-12-24
Ganesha Logo Painting.jpg	painting	Ganesha Logo Painting	2022-01-01
Family Tree Wall Mural.jpg	painting	Family Tree Wall Mural	2022-01-07
Teddy Bear Door Art.jpg	craft	Teddy Bear Door Art	2022-01-09
Girl In Rain Drawing.jpg	drawing	Girl In Rain Drawing	2022-01-10
Blue Folk Art Bird.jpg	craft	Blue Folk Art Bird	2022-01-10
Peacock Tree Silhouette.jpg	painting	Peacock Tree Silhouette	2022-01-10
Swans On Pond Painting.jpg	painting	Swans On Pond Painting	2022-01-11
Colorful Flower Mandala.jpg	drawing	Colorful Flower Mandala	2022-01-11
Butterflies And Flower Vine.jpg	drawing	Butterflies And Flower Vine	2022-01-11
Dancer In Purple Gown.jpg	drawing	Dancer In Purple Gown	2022-01-11
Zentangle Dancer With Fan.jpg	drawing	Zentangle Dancer With Fan	2022-01-11
Butterfly Mandala With Cats.jpg	drawing	Butterfly Mandala With Cats	2022-01-12
Switchboard Birds And Branches.jpg	painting	Switchboard Birds And Branches	2022-01-13
Stag With Rainbow Antlers.jpg	drawing	Stag With Rainbow Antlers	2022-01-13
Man Portrait Pencil Sketch.jpg	drawing	Man Portrait Pencil Sketch	2022-01-30
Girl With Flower Basket.jpg	painting	Girl With Flower Basket	2022-02-08
Couple On Pier At Sunset.jpg	painting	Couple On Pier At Sunset	2022-02-09
True Love And Broken Heart.jpg	drawing	True Love And Broken Heart	2022-02-11
Lovebirds Heart Rangoli.jpg	craft	Lovebirds Heart Rangoli	2022-02-13
Mickey Minnie Valentines Day.jpg	painting	Mickey Minnie Valentines Day	2022-02-13
Tribal Dancers Three Panels.jpg	painting	Tribal Dancers Three Panels	2022-02-14
Blue Bird On Flowering Branch.jpg	painting	Blue Bird On Flowering Branch	2022-02-17
Girl In Ball Gown Under Arch.jpg	painting	Girl In Ball Gown Under Arch	2022-02-22
Paisley Peacock In Circle.jpg	painting	Paisley Peacock In Circle	2022-02-23
Red Lotus Vines On Yellow 2.jpg	painting	Red Lotus Vines On Yellow	2022-02-24
Lake Village Pencil Sketch In Circle.jpg	drawing	Lake Village Pencil Sketch In Circle	2022-02-24
Lovebirds And Cage At Sunset.jpg	painting	Lovebirds And Cage At Sunset	2022-02-27
Shiva And Parvati Half Faces.jpg	painting	Shiva And Parvati Half Faces	2022-02-28
Optical Illusion Face Sketch 2.jpg	drawing	Optical Illusion Face Sketch	2022-03-09
Dancing Woman Against Brick Wall.jpg	painting	Dancing Woman Against Brick Wall	2022-03-12
Plastic Smile Faces Painting.jpg	painting	Plastic Smile Faces Painting	2022-03-13
Cartoon Mouse And Doodles 2.jpg	painting	Cartoon Mouse And Doodles	2022-03-13
White Deer Under Moonlit Tree.jpg	painting	White Deer Under Moonlit Tree	2022-03-13
Oranges On Branch Watercolor.jpg	painting	Oranges On Branch Watercolor	2022-03-30
Three Dancing Women Folk Art.jpg	painting	Three Dancing Women Folk Art	2022-03-30
Two Peacocks In Leaves.jpg	painting	Two Peacocks In Leaves	2022-04-08
African Woman Carrying Pot.jpg	painting	African Woman Carrying Pot	2022-04-10
Red Flowering Bush On Green.jpg	painting	Red Flowering Bush On Green	2022-04-18
Branches And Bird On Rainbow Wash.jpg	painting	Branches And Bird On Rainbow Wash	2022-06-28
Monkeys On Flowering Tree.jpg	painting	Monkeys On Flowering Tree	2022-06-29
Gajanan Ganesha Calligraphy.jpg	painting	Gajanan Ganesha Calligraphy	2022-06-30
Red Poppies Watercolor.jpg	painting	Red Poppies Watercolor	2022-07-03
Swirling Steam Teacup.jpg	painting	Swirling Steam Teacup	2022-07-04
Blue Butterflies And Grass.jpg	painting	Blue Butterflies And Grass	2022-07-04
Woman Lying With Butterflies.jpg	painting	Woman Lying With Butterflies	2022-07-09
Teddy On Moon I Miss You.jpg	painting	Teddy On Moon I Miss You	2022-07-09
Krishna And Meera Under Tree.jpg	drawing	Krishna And Meera Under Tree	2022-07-11
Deer In Forest Watercolor.jpg	painting	Deer In Forest Watercolor	2022-07-15
Queen Before And After Sketch.jpg	drawing	Queen Before And After Sketch	2022-07-17
Man Profile Pencil Sketch.jpg	drawing	Man Profile Pencil Sketch	2022-07-17
Happy Nurse Pencil Sketch.jpg	drawing	Happy Nurse Pencil Sketch	2022-07-17
Woman With Lion Pencil Sketch.jpg	drawing	Woman With Lion Pencil Sketch	2022-07-17
Woman With Swirl Hair Zentangle.jpg	drawing	Woman With Swirl Hair Zentangle	2022-07-21
Autumn Leaves And Butterfly Sunset.jpg	painting	Autumn Leaves And Butterfly Sunset	2022-07-24
Bride And Groom Under Floral Arch 2.jpg	painting	Bride And Groom Under Floral Arch	2022-07-26
All Seeing Eye Painted Metal Box.jpg	craft	All Seeing Eye Painted Metal Box	2022-07-28
All Seeing Eye Painted Metal Box 2.jpg	craft	All Seeing Eye Painted Metal Box	2022-07-28
Red Moon Over Blue Sea.jpg	painting	Red Moon Over Blue Sea	2022-08-03
Birds On Tree On Canvas.jpg	painting	Birds On Tree On Canvas	2022-08-04
Tom And Jerry Mouse Drawing.jpg	drawing	Tom And Jerry Mouse Drawing	2022-08-04
Old Couple On Bench In Rain.jpg	painting	Old Couple On Bench In Rain	2022-08-05
Om With Lotus And Bells.jpg	painting	Om With Lotus And Bells	2022-08-06
Lotus Buds On Abstract Stripes.jpg	painting	Lotus Buds On Abstract Stripes	2022-08-07
Colorful Flower Mandala 2.jpg	drawing	Colorful Flower Mandala	2022-08-08
Mountains And Fields Landscape.jpg	painting	Mountains And Fields Landscape	2022-08-08
Shiva And Radha Krishna Line Art.jpg	drawing	Shiva And Radha Krishna Line Art	2022-08-09
Green And Orange Mandala.jpg	drawing	Green And Orange Mandala	2022-08-09
Bull Elephant Optical Illusion 4.jpg	drawing	Bull Elephant Optical Illusion	2022-08-10
Geometric Shapes Line Art.jpg	drawing	Geometric Shapes Line Art	2022-08-10
Peacock Line Art.jpg	drawing	Peacock Line Art	2022-08-10
Rainbow Mandala.jpg	drawing	Rainbow Mandala	2022-08-10
Blue And Orange Mandala.jpg	drawing	Blue And Orange Mandala	2022-08-24
Elderly Couple Sitting Line Drawing.jpg	drawing	Elderly Couple Sitting Line Drawing	2022-08-25
Glowing Yellow Mandala.jpg	drawing	Glowing Yellow Mandala	2022-08-25
Tree Of Life With Deer Pichwai.jpg	painting	Tree Of Life With Deer Pichwai	2022-08-27
Brown Bird With Red Flowers.jpg	painting	Brown Bird With Red Flowers	2022-08-29
Krishna With Cows Pichwai Style.jpg	painting	Krishna With Cows Pichwai Style	2022-09-16
Woman In Blue Lehenga.jpg	painting	Woman In Blue Lehenga	2022-09-17
Nature Face With Bird.jpg	painting	Nature Face With Bird	2022-09-19
Panda Switchboard Wall Art.jpg	painting	Panda Switchboard Wall Art	2022-09-21
Ganesha And Durga Glitter Art.jpg	painting	Ganesha And Durga Glitter Art	2022-09-22
Pink And Blue Mandala.jpg	drawing	Pink And Blue Mandala	2022-10-23
Warli Dancers On Sunset Wash.jpg	painting	Warli Dancers On Sunset Wash	2022-11-15
Floral Vine Wall Art.jpg	craft	Floral Vine Wall Art	2022-12-24
Stained Glass Arch Window.jpg	painting	Stained Glass Arch Window	2022-12-30
Hummingbird Stained Glass Style 2.jpg	painting	Hummingbird Stained Glass Style	2022-12-30
Two Dancers Against Brick Wall.jpg	painting	Two Dancers Against Brick Wall	2023-01-19
Ganesha Flower Rangoli.jpg	craft	Ganesha Flower Rangoli	2023-01-25
Tricolor Flower Rangoli.jpg	craft	Tricolor Flower Rangoli	2023-01-26
Happy Republic Day Dove Rangoli.jpg	craft	Happy Republic Day Dove Rangoli	2023-01-26
Happy Republic Day Dove Rangoli 2.jpg	craft	Happy Republic Day Dove Rangoli	2023-01-26
Star Center Mandala.jpg	drawing	Star Center Mandala	2023-02-02
Red And Blue Mandala.jpg	drawing	Red And Blue Mandala	2023-02-04
Swing Under Moonlit Tree.jpg	painting	Swing Under Moonlit Tree	2023-02-21
Lovebirds In Heart Tree.jpg	painting	Lovebirds In Heart Tree	2023-02-25
Blue And Orange Mandala 2.jpg	drawing	Blue And Orange Mandala	2023-04-09
Colorful Mandala On Desk.jpg	drawing	Colorful Mandala On Desk	2023-04-25
Buddha Silhouette At Sunset.jpg	painting	Buddha Silhouette At Sunset	2023-05-05
Pink Star Mandala.jpg	drawing	Pink Star Mandala	2023-05-05
Black And White Mandala.jpg	drawing	Black And White Mandala	2023-05-22
Girl In Blue Dress Brushstrokes.jpg	drawing	Girl In Blue Dress Brushstrokes	2023-05-22
Woman With Diya In Floral Arch.jpg	drawing	Woman With Diya In Floral Arch	2023-05-22
Bird And Flowers Silhouette.jpg	drawing	Bird And Flowers Silhouette	2023-05-22
Peacock On Tree Silhouette.jpg	drawing	Peacock On Tree Silhouette	2023-05-22
Red And Green Mandala.jpg	drawing	Red And Green Mandala	2023-05-24
Rainbow Segments Mandala.jpg	drawing	Rainbow Segments Mandala	2023-05-26
Red Mandala.jpg	drawing	Red Mandala	2023-05-28
Four Color Mandala.jpg	drawing	Four Color Mandala	2023-05-29
Orange And Green Mandala.jpg	drawing	Orange And Green Mandala	2023-05-29
Orange And Olive Mandala.jpg	drawing	Orange And Olive Mandala	2023-05-30
Black And White Mandala 2.jpg	drawing	Black And White Mandala	2023-05-30
Yellow And Red Mandala.jpg	drawing	Yellow And Red Mandala	2023-06-02
Green And Maroon Mandala.jpg	drawing	Green And Maroon Mandala	2023-06-05
Bird And Branches On Hexagon Tile.jpg	painting	Bird And Branches On Hexagon Tile	2023-06-20
Black And White Mandala 3.jpg	drawing	Black And White Mandala	2023-06-20
Red And Blue Square Mandala.jpg	drawing	Red And Blue Square Mandala	2023-06-23
Pink And Yellow Mandala.jpg	drawing	Pink And Yellow Mandala	2023-06-24
Black And White Mandala 4.jpg	drawing	Black And White Mandala	2023-06-26
Purple Floral Mandala.jpg	drawing	Purple Floral Mandala	2023-06-27
Orange And Purple Mandala.jpg	drawing	Orange And Purple Mandala	2023-07-06
Red Rose Floral Mandala.jpg	drawing	Red Rose Floral Mandala	2023-07-11
Mirror Work Orange Round Plate.jpg	craft	Mirror Work Orange Round Plate	2023-08-16
Mirror Work Yellow Square Board.jpg	craft	Mirror Work Yellow Square Board	2023-08-19
Ganesha Triptych 2.jpg	painting	Ganesha Triptych	2023-09-19
Ganesha And Durga Glitter Art 2.jpg	painting	Ganesha And Durga Glitter Art	2023-09-21
Dancer Legs With Sunset.jpg	painting	Dancer Legs With Sunset	2023-09-21
Oranges On Branch Watercolor 2.jpg	painting	Oranges On Branch Watercolor	2023-09-27
Bird And Branches On Hexagon Tile 2.jpg	painting	Bird And Branches On Hexagon Tile	2023-09-27
Hummingbird Stained Glass Style 3.jpg	painting	Hummingbird Stained Glass Style	2023-09-27
Birds On Branch Watercolor.jpg	painting	Birds On Branch Watercolor	2023-09-27
Girl In Pink Hat On Stars.webp	painting	Girl In Pink Hat On Stars	2023-10-17
Woman With Diya In Floral Arch.webp	drawing	Woman With Diya In Floral Arch	2023-11-04
Blue Face With Flowers Glow Art.webp	painting	Blue Face With Flowers Glow Art	2023-11-04
Red Rose Floral Mandala.webp	drawing	Red Rose Floral Mandala	2023-11-05
Couple Heartbreak Drawing.webp	drawing	Couple Heartbreak Drawing	2023-11-08
Happy Nurse Pencil Sketch.webp	drawing	Happy Nurse Pencil Sketch	2023-11-09
Dolphins Leaping At Sunset.webp	drawing	Dolphins Leaping At Sunset	2023-11-09
Beach With Sailboat And Starfish.webp	drawing	Beach With Sailboat And Starfish	2023-11-09
Girls And Flowers Doodle Page.webp	drawing	Girls And Flowers Doodle Page	2023-11-09
Lips Hearts And Faces Sketchbook Page.webp	drawing	Lips Hearts And Faces Sketchbook Page	2023-11-09
Lips And Figures Sketchbook Page.webp	drawing	Lips And Figures Sketchbook Page	2023-11-09
Women Painting And Photographing Drawing.webp	drawing	Women Painting And Photographing Drawing	2023-11-09
Love Couples Drawing Page.webp	drawing	Love Couples Drawing Page	2023-11-09
Ganesha Trishul And Om Drawing.webp	drawing	Ganesha Trishul And Om Drawing	2023-11-09
Plastic Smile Faces Painting.webp	painting	Plastic Smile Faces Painting	2023-11-09
Red Flowering Bush On Green.webp	painting	Red Flowering Bush On Green	2023-11-09
Happy Dhanteras Kalash Rangoli.webp	craft	Happy Dhanteras Kalash Rangoli	2023-11-10
Two Girls On Flower Swings.webp	painting	Two Girls On Flower Swings	2023-11-12
Faces Lips And Hearts Doodle Page.webp	drawing	Faces Lips And Hearts Doodle Page	2023-11-13
Two Dancers Against Yellow Brick Wall.webp	painting	Two Dancers Against Yellow Brick Wall	2023-11-15
Blue Krishna Face With Flute.jpg	painting	Blue Krishna Face With Flute	2023-11-19
Dandiya Dancers With Durga Eyes.jpg	painting	Dandiya Dancers With Durga Eyes	2023-11-19
White Flowers On Black Canvas.jpg	painting	White Flowers On Black Canvas	2023-11-19
Lovebirds And Cage At Sunset Canvas.webp	painting	Lovebirds And Cage At Sunset Canvas	2023-11-19
Buddha The Mind Is Everything.webp	painting	Buddha The Mind Is Everything	2023-11-20
Hummingbird And Lovebirds Canvases.jpg	photo	Hummingbird And Lovebirds Canvases	2023-11-21
Hummingbird And Lovebirds Canvases.webp	photo	Hummingbird And Lovebirds Canvases	2023-11-21
Folk Art Mother And Child.jpg	painting	Folk Art Mother And Child	2023-11-21
Abstract Swirls And Shapes.webp	painting	Abstract Swirls And Shapes	2023-11-22
Blue And Purple Rangoli With Diyas.webp	craft	Blue And Purple Rangoli With Diyas	2023-11-27
Woman Profile With Jhumka.webp	painting	Woman Profile With Jhumka	2023-11-27
Three Masks Abstract Faces.webp	painting	Three Masks Abstract Faces	2023-11-29
Girl With Umbrella In Rain.webp	painting	Girl With Umbrella In Rain	2023-11-29
Black And White Star Geometric.webp	drawing	Black And White Star Geometric	2023-11-29
Christmas Night Santa Sleigh.webp	painting	Christmas Night Santa Sleigh	2023-12-05
Madhubani Fish In Circle.webp	painting	Madhubani Fish In Circle	2023-12-07
Ganesha Names Spiral Calligraphy.jpg	painting	Ganesha Names Spiral Calligraphy	2023-12-15
Pink And Green Doodle Mandala.webp	drawing	Pink And Green Doodle Mandala	2023-12-15
Pink And Green Doodle Mandala 2.webp	drawing	Pink And Green Doodle Mandala	2023-12-15
Fan Leaves Line Pattern.webp	drawing	Fan Leaves Line Pattern	2023-12-15
Madhubani Peacock.webp	drawing	Madhubani Peacock	2023-12-17
Friendship Faces Pencil Sketch.webp	drawing	Friendship Faces Pencil Sketch	2023-12-17
Red Interlocking Pattern.webp	drawing	Red Interlocking Pattern	2023-12-18
Orange And Blue Round Mandala.webp	drawing	Orange And Blue Round Mandala	2023-12-19
Square Spiral Line Illusion.webp	drawing	Square Spiral Line Illusion	2023-12-19
Couple Embracing Pencil Sketch.jpg	drawing	Couple Embracing Pencil Sketch	2023-12-23
Mom Heart Mehndi On Arm.jpg	photo	Mom Heart Mehndi On Arm	2023-12-24
Lotus Zentangle Pen Art.jpg	drawing	Lotus Zentangle Pen Art	2023-12-24
Zentangle Dots And Waves.jpg	drawing	Zentangle Dots And Waves	2023-12-28
Cinderella In Garden.jpg	painting	Cinderella In Garden	2024-01-09
Colorful Petals Rangoli.jpg	craft	Colorful Petals Rangoli	2024-01-15
Hanuman Lifting Mountain Close Up.jpg	painting	Hanuman Lifting Mountain Close Up	2024-01-24
Republic Day Girl With Flag Rangoli.jpg	craft	Republic Day Girl With Flag Rangoli	2024-01-25
Shiva Pencil Sketch.jpg	drawing	Shiva Pencil Sketch	2024-03-24
Hanuman Jayanti Rangoli.jpg	craft	Hanuman Jayanti Rangoli	2024-04-23
Ganesha Mini Canvas On Easel.jpg	painting	Ganesha Mini Canvas On Easel	2024-08-17
Circles And Diagonal Stripes Pattern.jpg	painting	Circles And Diagonal Stripes Pattern	2024-10-09
Circle Lattice Gold Pattern.jpg	drawing	Circle Lattice Gold Pattern	2024-10-22
Paper Dress Dancer Sculpture.jpg	craft	Paper Dress Dancer Sculpture	2024-11-02
Dot Mandala Orange And Blue.jpg	drawing	Dot Mandala Orange And Blue	2024-11-02
Star Rangoli With Candles.jpg	craft	Star Rangoli With Candles	2024-12-13
Hummingbird Stained Glass Style 4.jpg	painting	Hummingbird Stained Glass Style	2022-07-10
Stained Glass Arch Window 2.jpg	painting	Stained Glass Arch Window	2022-07-10
Abstract Woman Face On Brown.jpg	painting	Abstract Woman Face On Brown	2022-07-10
Girl In Red Dress Brushstrokes.jpeg	painting	Girl In Red Dress Brushstrokes	2023-01-08
Ganesh Chaturthi Rangoli Collage.jpg	other	Ganesh Chaturthi Rangoli Collage	2025-09-01
Jagannath Puppets Folk Art 2.jpg	painting	Jagannath Puppets Folk Art	2024-07-08
Shiva Parvati And Hanuman Drawing.jpg	drawing	Shiva Parvati And Hanuman Drawing	2024-07-09
Village Women Carrying Pots Drawing 2.jpg	drawing	Village Women Carrying Pots Drawing	2024-07-10
Lets Grow Old Together Couple.jpg	drawing	Lets Grow Old Together Couple	2024-07-24
Baby Ganesha With Parvati Drawing.jpg	drawing	Baby Ganesha With Parvati Drawing	2024-07-24
Lotus Pattern Drawing.jpg	drawing	Lotus Pattern Drawing	2024-07-29
Hibiscus On Colorful Tiles.jpg	painting	Hibiscus On Colorful Tiles	2024-07-29
Pinwheel Design Mini Canvas.jpg	painting	Pinwheel Design Mini Canvas	2024-08-17
Birds Over Sunset Mini Canvas.jpg	painting	Birds Over Sunset Mini Canvas	2024-08-17
Ganesha Outline On Canvas.jpg	drawing	Ganesha Outline On Canvas	2024-08-17
Warli Village Scene Framed 2.jpg	painting	Warli Village Scene Framed	2024-08-18
Girl On Swing Oval Canvas In Progress 2.jpg	painting	Girl On Swing Oval Canvas In Progress	2024-08-19
Mini Radha Krishna Canvas On Easel 2.jpg	painting	Mini Radha Krishna Canvas On Easel	2024-08-21
Shree Rangoli With Flowers 2.jpg	craft	Shree Rangoli With Flowers	2024-09-06
Pink Hibiscus Rangoli 2.jpg	craft	Pink Hibiscus Rangoli	2024-09-23
White Lotus Kolam.jpg	craft	White Lotus Kolam	2024-09-23
Radha Krishna Walking Under Tree.jpg	painting	Radha Krishna Walking Under Tree	2024-09-23
Navratri Golu Celebration 2.jpg	painting	Navratri Golu Celebration	2024-10-05
Half Face Lotus Rangoli 2.jpg	craft	Half Face Lotus Rangoli	2024-10-06
Om Rangoli With Roses 2.jpg	craft	Om Rangoli With Roses	2024-10-06
Har Har Mahadev Shiva Hand.jpg	painting	Har Har Mahadev Shiva Hand	2024-10-13
Shiva Grief Quote Painting 2.jpg	painting	Shiva Grief Quote Painting	2024-10-18
Karva Chauth Rangoli.jpg	craft	Karva Chauth Rangoli	2024-10-20
Pink Flower Rangoli 2.jpg	craft	Pink Flower Rangoli	2024-10-20
Mountains Under Moon Pen Art 2.jpg	drawing	Mountains Under Moon Pen Art	2024-10-21
Lakshmi On Lotus 2.jpg	painting	Lakshmi On Lotus	2024-10-21
Golden Buddha Under Tree.jpg	painting	Golden Buddha Under Tree	2024-10-23
Zentangle Woman With Patterns.jpg	drawing	Zentangle Woman With Patterns	2024-10-25
Birds On Branches Nine Panels.jpg	painting	Birds On Branches Nine Panels	2024-10-27
Happy Dhanteras Kalash Rangoli.jpg	craft	Happy Dhanteras Kalash Rangoli	2024-10-29
Happy Dhanteras Swastik Rangoli.jpg	craft	Happy Dhanteras Swastik Rangoli	2024-10-29
White Geometric Kolam.jpg	craft	White Geometric Kolam	2024-10-30
Jagannath Rangoli.jpg	craft	Jagannath Rangoli	2024-10-30
Happy Diwali Peacock Rangoli.jpg	craft	Happy Diwali Peacock Rangoli	2024-10-31
Ganesha And Krishna Round Mirror Art.jpg	craft	Ganesha And Krishna Round Mirror Art	2024-11-01
Ganesha And Krishna Round Mirror Art 2.jpg	craft	Ganesha And Krishna Round Mirror Art	2024-11-01
Krishna Janmashtami Rangoli.jpg	craft	Krishna Janmashtami Rangoli	2024-11-01
Women Gathering Folk Painting 2.jpg	painting	Women Gathering Folk Painting	2024-11-02
Wild Flowers Painting.jpg	painting	Wild Flowers Painting	2024-11-04
Radha Krishna With Deer.jpg	painting	Radha Krishna With Deer	2024-11-05
Mother And Child Folk Painting.jpg	painting	Mother And Child Folk Painting	2024-11-12
Family Kitchen Scene.jpg	drawing	Family Kitchen Scene	2024-11-13
Rajasthani Women With Pots.jpg	painting	Rajasthani Women With Pots	2024-11-13
Peacock In Circle Painting.jpg	painting	Peacock In Circle Painting	2024-11-16
Goddess With Diya Painting.jpg	painting	Goddess With Diya Painting	2024-11-17
Couple With Drum Folk Painting.jpg	painting	Couple With Drum Folk Painting	2024-11-28
Snowflake Kolam.jpg	craft	Snowflake Kolam	2024-12-20
Star Kolam With Swirls.jpg	craft	Star Kolam With Swirls	2024-12-20
Kalash Kolam Rangoli 2.jpg	craft	Kalash Kolam Rangoli	2025-01-14
Flamenco Dancer Stained Glass Style.jpg	painting	Flamenco Dancer Stained Glass Style	2025-01-20
Ardhanarishvara Painting 2.jpg	painting	Ardhanarishvara Painting	2025-01-25
Ganesha Kolam.jpg	craft	Ganesha Kolam	2025-02-16
Ganesha Om Rangoli.jpg	craft	Ganesha Om Rangoli	2025-02-16
Happy Womens Day Rangoli.jpg	craft	Happy Womens Day Rangoli	2025-03-08
Om Kolam With Swirls.jpg	craft	Om Kolam With Swirls	2025-03-11
Ganesha Flower Kolam.jpg	craft	Ganesha Flower Kolam	2025-03-11
Peacock And Ganesha Flower Rangoli.jpg	craft	Peacock And Ganesha Flower Rangoli	2025-04-01
Jai Shri Ram Rangoli.jpg	craft	Jai Shri Ram Rangoli	2025-04-06
Lotus And Shankh Rangoli.jpg	craft	Lotus And Shankh Rangoli	2025-04-08
White Knot Kolam.jpg	craft	White Knot Kolam	2025-04-08
Colorful Knot Rangoli.jpg	craft	Colorful Knot Rangoli	2025-04-08
Jai Shri Hanuman Rangoli.jpg	craft	Jai Shri Hanuman Rangoli	2025-04-11
Hanuman Jai Shri Ram Kolam.jpg	craft	Hanuman Jai Shri Ram Kolam	2025-04-11
Hanuman Jai Shri Ram Kolam 2.jpg	craft	Hanuman Jai Shri Ram Kolam	2025-04-11
Colorful Star Flower Rangoli.jpg	craft	Colorful Star Flower Rangoli	2025-04-28
Seven Running Horses Framed.jpg	painting	Seven Running Horses Framed	2025-05-06
Diya And Namam Rangoli.jpg	craft	Diya And Namam Rangoli	2025-05-07
Day And Night Landscape Oval Canvas.jpg	painting	Day And Night Landscape Oval Canvas	2025-05-10
Happy Mothers Day Rangoli.jpg	craft	Happy Mothers Day Rangoli	2025-05-11
Radha Krishna Folk Art Square Canvas.jpg	painting	Radha Krishna Folk Art Square Canvas	2025-05-19
Foil Relief Flowers Art.jpg	craft	Foil Relief Flowers Art	2025-05-19
Orange Flowers Textured Canvas.jpg	painting	Orange Flowers Textured Canvas	2025-05-29
Pink And Red Flower Rangoli.jpg	craft	Pink And Red Flower Rangoli	2025-05-31
Sikku Kolam Knot Pattern.jpg	craft	Sikku Kolam Knot Pattern	2025-05-31
Roses Stained Glass Style.jpg	painting	Roses Stained Glass Style	2025-06-02
Ganesha Flower Border Rangoli.jpg	craft	Ganesha Flower Border Rangoli	2025-06-07
Shree Ganesha Diya Rangoli.jpg	craft	Shree Ganesha Diya Rangoli	2025-06-07
Vat Purnima Rangoli.jpg	craft	Vat Purnima Rangoli	2025-06-10
Red Knot Rangoli.jpg	craft	Red Knot Rangoli	2025-06-10
Ganesha Lotus Rangoli.jpg	craft	Ganesha Lotus Rangoli	2025-06-14
Ganesha Star Rangoli 2.jpg	craft	Ganesha Star Rangoli	2025-06-14
Ganesha Colorful Lotus Rangoli.jpg	craft	Ganesha Colorful Lotus Rangoli	2025-06-14
Kathakali Face Framed.jpg	painting	Kathakali Face Framed	2025-06-23
Four Petals Swirl Rangoli.jpg	craft	Four Petals Swirl Rangoli	2025-06-28
Ganesha Butterfly Rangoli.jpg	craft	Ganesha Butterfly Rangoli	2025-07-14
Hibiscus And Jasmine Rangoli.jpg	craft	Hibiscus And Jasmine Rangoli	2025-07-14
Blue Circle Rangoli With Flowers.jpg	craft	Blue Circle Rangoli With Flowers	2025-07-27
Shivling Om Hibiscus Rangoli.jpg	craft	Shivling Om Hibiscus Rangoli	2025-07-27
Star And Lotus Rangoli.jpg	craft	Star And Lotus Rangoli	2025-08-17
Blue And Pink Swirl Rangoli.jpg	craft	Blue And Pink Swirl Rangoli	2025-08-17
Red Rose Stained Glass Square 2.jpg	painting	Red Rose Stained Glass Square	2025-08-17
Abstract Radha Krishna On Canvas 2.jpg	painting	Abstract Radha Krishna On Canvas	2025-08-20
Radha Krishna With Flute 2.jpg	painting	Radha Krishna With Flute	2025-08-20
Ganesha Square Rangoli.jpg	craft	Ganesha Square Rangoli	2025-08-27
Ganesha Face Rangoli.jpg	craft	Ganesha Face Rangoli	2025-08-27
Colorful Stars Rangoli.jpg	craft	Colorful Stars Rangoli	2025-09-06
Star Of David Rangoli.jpg	craft	Star Of David Rangoli	2025-09-06
Tirupati Balaji Bead Embellished 2.jpg	painting	Tirupati Balaji Bead Embellished	2025-09-13
Colorful Flower Rangoli.jpg	craft	Colorful Flower Rangoli	2025-09-14
White Kolam With Purple Dots.jpg	craft	White Kolam With Purple Dots	2025-09-14
Welcome Couple Door Plaque 2.jpg	craft	Welcome Couple Door Plaque	2025-09-22
Jagannath And Trishul Rangoli.jpg	craft	Jagannath And Trishul Rangoli	2025-09-24
Interlocked Star Rangoli.jpg	craft	Interlocked Star Rangoli	2025-10-01
Blue And Purple Star Rangoli.jpg	craft	Blue And Purple Star Rangoli	2025-10-10
Orange Hexagon Rangoli.jpg	craft	Orange Hexagon Rangoli	2025-10-10
Lord Venkateswara Painting 2.jpg	painting	Lord Venkateswara Painting	2025-10-11
Interlocked Squares Rangoli.jpg	craft	Interlocked Squares Rangoli	2025-10-17
Six Point Star Rangoli.jpg	craft	Six Point Star Rangoli	2025-10-17
Shubh Labh Painted Diya Holders.jpg	craft	Shubh Labh Painted Diya Holders	2025-10-17
Two Rangolis At Doorstep.jpg	photo	Two Rangolis At Doorstep	2025-10-21
Butterfly Rangoli.jpg	craft	Butterfly Rangoli	2025-10-25
Cube Pattern Flower Rangoli.jpg	craft	Cube Pattern Flower Rangoli	2025-10-25
Shivling Ganesha Lotus Rangoli.jpg	craft	Shivling Ganesha Lotus Rangoli	2025-11-07
Ganesha Lotus Rangoli With Snowflakes.jpg	craft	Ganesha Lotus Rangoli With Snowflakes	2025-11-07
Saraswati Diamond Painting Kit.jpg	craft	Saraswati Diamond Painting Kit	2025-11-24
Tirupati Balaji With Hanging Diyas.jpg	painting	Tirupati Balaji With Hanging Diyas	2025-11-27
Peacocks Star Rangoli.jpg	craft	Peacocks Star Rangoli	2025-11-28
Peacocks Om Star Rangoli.jpg	craft	Peacocks Om Star Rangoli	2025-11-28
Rangolis With Lit Diyas.jpg	photo	Rangolis With Lit Diyas	2025-12-03
Tirupati Balaji And Deities Embossed 2.jpg	painting	Tirupati Balaji And Deities Embossed	2025-12-18
Peacock And Flowers Glass Painting.jpg	painting	Peacock And Flowers Glass Painting	2025-12-21
Family Portrait Three Faces.jpg	painting	Family Portrait Three Faces	2025-12-21
Durga Face Painting.jpg	painting	Durga Face Painting	2026-01-17
Golden Peacocks Embroidery.jpg	craft	Golden Peacocks Embroidery	2026-01-24
Happy Republic Day Girl Rangoli.jpg	craft	Happy Republic Day Girl Rangoli	2026-01-25
Swastik Geometric Rangoli.jpg	craft	Swastik Geometric Rangoli	2026-03-08
Happy Womens Day Flower Rangoli.jpg	craft	Happy Womens Day Flower Rangoli	2026-03-08
Happy Womens Day Flower Rangoli 2.jpg	craft	Happy Womens Day Flower Rangoli	2026-03-08
Hanuman Jayanti Rangoli 2.jpg	craft	Hanuman Jayanti Rangoli	2026-04-02
Jai Shri Ram Hanuman Rangoli.jpg	craft	Jai Shri Ram Hanuman Rangoli	2026-04-02
Flower Glass Painting Tile.jpg	painting	Flower Glass Painting Tile	2026-08-21
Life Is Complicated Rangoli.jpg	craft	Life Is Complicated Rangoli	2026-09-02
Happy Onam Mahabali.jpg	drawing	Happy Onam Mahabali	2021-08-19
Ganesha Mandala 2.jpg	drawing	Ganesha Mandala	2021-09-07
Cubist Faces Crayon Drawing.jpg	drawing	Cubist Faces Crayon Drawing	2021-09-13
Krishna With Cow By River.jpg	painting	Krishna With Cow By River	2021-09-15
Jagannath Rangoli With Diyas.jpg	craft	Jagannath Rangoli With Diyas	2021-10-15
Enjoy The Day Girl Painting.jpg	painting	Enjoy The Day Girl Painting	2022-03-22
Autumn Leaves Painting Take Care.jpg	other	Autumn Leaves Painting Take Care	2022-07-24
Ganesha Names Diamond Painting.jpg	painting	Ganesha Names Diamond Painting	2022-08-29
Ganesha And Durga Glitter Art 3.jpg	painting	Ganesha And Durga Glitter Art	2022-09-26
Happy Dussehra Golu Doodle 2.jpg	drawing	Happy Dussehra Golu Doodle	2022-09-30
Mehndi On Hands.jpg	photo	Mehndi On Hands	2023-06-24
Friendship Faces Pencil Sketch.jpg	drawing	Friendship Faces Pencil Sketch	2023-12-18
Mom Heart Mehndi On Arm 2.jpg	photo	Mom Heart Mehndi On Arm	2023-12-23
Breathe Believe Bloom Wreath.jpg	drawing	Breathe Believe Bloom Wreath	2026-08-16
Ganesha Hibiscus Rangoli Collage.jpg	other	Ganesha Hibiscus Rangoli Collage	2026-09-13
Lotus And Kolam Rangolis.jpg	craft	Lotus And Kolam Rangolis	2026-09-19
Stylish Woman With Handbag.jpg	drawing	Stylish Woman With Handbag	2021-11-07
Couple And Teddy On Bench.jpg	drawing	Couple And Teddy On Bench	2021-11-12
Fish Border Mandala.jpg	drawing	Fish Border Mandala	
Couple Heartbreak Drawing.jpg	drawing	Couple Heartbreak Drawing	2021-11-07
Independence Day And Dancers Collage.heic	other	Independence Day And Dancers Collage	
Nandi And Shiva Trishul Canvases.heic	painting	Nandi And Shiva Trishul Canvases	
Abstract Ganesha With Faces.pdf	painting	Abstract Ganesha With Faces	
Pink Fan Flowers Pattern.png	drawing	Pink Fan Flowers Pattern	
Figure On Cliff Rainbow Crayon.jpg	drawing	Figure On Cliff Rainbow Crayon	
Butterfly And Vines In Circle.jpg	drawing	Butterfly And Vines In Circle	
Children Playing In Rain.jpg	drawing	Children Playing In Rain	
Ganesha And Durga Glitter Art 4.jpg	painting	Ganesha And Durga Glitter Art	
Abstract Colorful Brushstrokes.jpg	painting	Abstract Colorful Brushstrokes	
Friends Forever Hug In Flower.jpg	drawing	Friends Forever Hug In Flower	
Proposal At Sunset.jpg	drawing	Proposal At Sunset	
Couple Kissing Under Umbrella.jpg	drawing	Couple Kissing Under Umbrella	
Two Girls On Flower Swings.jpg	painting	Two Girls On Flower Swings	
Stylish Girl In Room.jpg	painting	Stylish Girl In Room	
Couple Embracing With Butterfly.jpg	painting	Couple Embracing With Butterfly	
Boat Birds And Dolphins Landscape.jpg	painting	Boat Birds And Dolphins Landscape	
Swans And Mountains At Sunset.jpg	painting	Swans And Mountains At Sunset	
Night Sky With Hearts Abstract.png	painting	Night Sky With Hearts Abstract	
Navratri Golu Celebration 3.jpg	painting	Navratri Golu Celebration	
Happy Diwali Peacock And Lanterns.jpg	drawing	Happy Diwali Peacock And Lanterns	
Village Life Sunset Scene.jpg	drawing	Village Life Sunset Scene	
Peacock Zentangle Doodle.jpg	drawing	Peacock Zentangle Doodle	
Faces Lips And Hearts Doodle Page 2.jpg	drawing	Faces Lips And Hearts Doodle Page	
Panchamukhi Hanuman Painting 2.jpg	painting	Panchamukhi Hanuman Painting	
Birds And Blossoms Heart Canvas.png	painting	Birds And Blossoms Heart Canvas	
Avengers Superheroes Painting.png	painting	Avengers Superheroes Painting	
Ganesha Temple Idol Painting.png	painting	Ganesha Temple Idol Painting	
Ganesha And Deities Artwork Collage.png	other	Ganesha And Deities Artwork Collage	
Purple Forest Waterfall.jpg	painting	Purple Forest Waterfall	
Family Portrait Three Faces 2.jpg	painting	Family Portrait Three Faces	
Man In Blazer Portrait.jpg	painting	Man In Blazer Portrait	
Teddy With Gifts Under Stars.jpg	drawing	Teddy With Gifts Under Stars	
Woman With Diya In Floral Arch 2.jpg	drawing	Woman With Diya In Floral Arch	
Keep Calm And Choose Peace.jpg	drawing	Keep Calm And Choose Peace	
Dancing Ganesha 2.jpg	drawing	Dancing Ganesha	
Boat And Mountains Landscape.jpg	drawing	Boat And Mountains Landscape	
Dove With Flowers.jpg	drawing	Dove With Flowers	
Fleur De Lis Pattern.jpg	drawing	Fleur De Lis Pattern	
Ocean Waves In Three Circles.jpg	drawing	Ocean Waves In Three Circles	
Dove With Flowers 2.jpg	drawing	Dove With Flowers	
Dolphins Leaping At Sunset.jpg	drawing	Dolphins Leaping At Sunset	
Kali Face Drawing.jpg	drawing	Kali Face Drawing	
Pink Flowers And Blue Butterflies.jpg	drawing	Pink Flowers And Blue Butterflies	
Lovebirds On Branch Triptych.jpg	painting	Lovebirds On Branch Triptych	
River Village Landscape.jpg	drawing	River Village Landscape	
Red And Yellow Flowers.jpg	painting	Red And Yellow Flowers	
Happy Dussehra Golu Doodle 3.jpg	drawing	Happy Dussehra Golu Doodle	
Girls And Flowers Doodle Page.jpg	drawing	Girls And Flowers Doodle Page	
Red Tulips Bush.jpg	painting	Red Tulips Bush	
Abstract Faces In Frames.jpg	drawing	Abstract Faces In Frames	
Radha Seeing Krishna Reflection 2.jpg	painting	Radha Seeing Krishna Reflection	
Abstract Faces In Frames 2.jpg	drawing	Abstract Faces In Frames	
River Village Landscape 2.jpg	drawing	River Village Landscape	
Woman With Diya In Floral Arch 3.jpg	drawing	Woman With Diya In Floral Arch	
Kali Face Drawing 2.jpg	drawing	Kali Face Drawing	
Boat And Mountains Landscape 2.jpg	drawing	Boat And Mountains Landscape	
Red Tulips Bush 2.jpg	painting	Red Tulips Bush	
Fleur De Lis Pattern 2.jpg	drawing	Fleur De Lis Pattern	
Happy Dussehra Golu Doodle 4.jpg	drawing	Happy Dussehra Golu Doodle	
Ocean Waves In Three Circles 2.jpg	drawing	Ocean Waves In Three Circles	
Lovebirds On Branch Triptych 2.jpg	painting	Lovebirds On Branch Triptych	
Keep Calm And Choose Peace 2.jpg	drawing	Keep Calm And Choose Peace	
Red And Yellow Flowers 2.jpg	painting	Red And Yellow Flowers	
Pink Flowers And Blue Butterflies 2.jpg	drawing	Pink Flowers And Blue Butterflies	
Dancing Ganesha 3.jpg	drawing	Dancing Ganesha	
Teddy With Gifts Under Stars 2.jpg	drawing	Teddy With Gifts Under Stars	
Dolphins Leaping At Sunset 2.jpg	drawing	Dolphins Leaping At Sunset	
Girls And Flowers Doodle Page 2.jpg	drawing	Girls And Flowers Doodle Page	
Shree Ganesha Puja Family.jpg	drawing	Shree Ganesha Puja Family	
Ballet Dancer Silhouette.jpg	drawing	Ballet Dancer Silhouette	
Sai Baba Painting 2.jpg	painting	Sai Baba Painting	
Sai Baba Painting.pdf	painting	Sai Baba Painting	
Lovebirds And Fireworks.jpg	drawing	Lovebirds And Fireworks	2021-09-14
Butterfly And Red Flowers.jpg	drawing	Butterfly And Red Flowers	2021-09-26
Tree Branches Triptych.jpg	painting	Tree Branches Triptych	2021-09-26
Ganesha Triptych 3.jpg	painting	Ganesha Triptych	2021-09-26
Toucan With Flowers 2.jpg	drawing	Toucan With Flowers	2021-09-26
Never Ever Let Me Go Couple.jpg	drawing	Never Ever Let Me Go Couple	2021-10-22
Woman In Saree Under Tree.jpg	drawing	Woman In Saree Under Tree	2021-11-04
Woman In Lehenga With Butterflies.jpg	drawing	Woman In Lehenga With Butterflies	2021-11-04
Blue Face With Flowers Glow Art.jpg	painting	Blue Face With Flowers Glow Art	2021-11-04
Radha Krishna Under Tree Night.jpg	painting	Radha Krishna Under Tree Night	
Woman With Diya In Floral Arch 4.jpg	drawing	Woman With Diya In Floral Arch	
Woman On Tree Swing With Parrot.jpg	painting	Woman On Tree Swing With Parrot	2022-02-11
Crescent Moon Abstract In Progress.jpg	painting	Crescent Moon Abstract In Progress	2022-05-04
Happy Womens Day Rangoli Memory.jpg	screenshot	Happy Womens Day Rangoli Memory	
Woman Dancing With Lotus.jpg	painting	Woman Dancing With Lotus	
Blue Krishna Face With Flute 2.jpg	screenshot	Blue Krishna Face With Flute	
Bird And Flowers Silhouette 2.jpg	drawing	Bird And Flowers Silhouette	
Bird And Flowers Silhouette 3.jpg	drawing	Bird And Flowers Silhouette	
Hanuman At Prabhu Feet Quote.jpg	painting	Hanuman At Prabhu Feet Quote	
Jai Shri Ram Hanuman Silhouette.jpg	painting	Jai Shri Ram Hanuman Silhouette	
Red Rose Stained Glass Style 2.jpg	screenshot	Red Rose Stained Glass Style	
Krishna And Sudama Friendship Quote.jpg	painting	Krishna And Sudama Friendship Quote	
Kartigai Deepam Kolam Post.jpg	screenshot	Kartigai Deepam Kolam Post	
Radha Seeing Krishna Reflection With Caption.jpg	painting	Radha Seeing Krishna Reflection With Caption	
Panchamukhi Hanuman With Caption.jpg	painting	Panchamukhi Hanuman With Caption	
Purple Forest Waterfall 2.jpg	painting	Purple Forest Waterfall	
Radha Seeing Krishna Reflection With Caption 2.jpg	painting	Radha Seeing Krishna Reflection With Caption	
Radha Krishna With Flute 3.jpg	painting	Radha Krishna With Flute	
Hanuman Lifting Mountain Close Up 2.jpg	screenshot	Hanuman Lifting Mountain Close Up	
Saraswati With Veena And Swan.jpg	drawing	Saraswati With Veena And Swan	
Soldier Tribute Indian Flag.jpg	painting	Soldier Tribute Indian Flag	
Soldier Tribute Indian Flag 2.jpg	painting	Soldier Tribute Indian Flag	
Govinda Tirupati Balaji Symbols.jpg	painting	Govinda Tirupati Balaji Symbols	
Govinda Tirupati Balaji Symbols 2.jpg	painting	Govinda Tirupati Balaji Symbols	
Floral Hummingbirds Glass Door.jpg	painting	Floral Hummingbirds Glass Door	
Radha Krishna Framed Print Mockup.jpg	photo	Radha Krishna Framed Print Mockup	
Panchamukhi Hanuman Framed 5.jpg	painting	Panchamukhi Hanuman Framed	
Om Ganesha On Blue Textured Canvas.jpg	painting	Om Ganesha On Blue Textured Canvas	
Three Elephants Round Canvas Painting.jpg	painting	Three Elephants Round Canvas Painting	
Panchamukhi Hanuman Painting 3.jpg	painting	Panchamukhi Hanuman Painting	2025-05-09
Lakshmi Footprints Rangoli.jpg	craft	Lakshmi Footprints Rangoli	2025-09-27
